{
  "local": {
    "EnvironmentConfig": {
      "serviceApi": "https://localhost:44338",
      "siteKey": "6Lec9wwUAAAAAMjZPWTARYMRftWgfxqhG2DvoVSx",
      "guidanceStorage": "https://pmapis.azure-api.net/guidance/",
      "pmpUrl":"https://localhost:44324"
    }
  },
  "dev": {
    "EnvironmentConfig": {
      "serviceApi": "https://pm-onboarding-external-api-dev.azurewebsites.net",
      "siteKey": "6LclmA0UAAAAABsdoaOaE3MIuIPiJbZgqD4Wl11o",
      "guidanceStorage": "https://pmapis.azure-api.net/guidance/",
      "pmpUrl":"https://pm-partners-management-dev.azurewebsites.net/"
    }
  },
  "test": {
    "EnvironmentConfig": {
      "serviceApi": "https://pm-onboarding-external-api-test.azurewebsites.net",
      "guidanceStorage": "https://pmapis.azure-api.net/guidance/"
    }
  },
  "integration": {
    "EnvironmentConfig": {
      "serviceApi": "https://pm-onboarding-external-api-integration.azurewebsites.net",
      "guidanceStorage": "https://pmapis.azure-api.net/guidance/"
    }
  },
  "live": {
    "EnvironmentConfig": {
      "serviceApi": "https://pm-onboarding-external-api-live.azurewebsites.net",
      "siteKey": "6LeZvhAUAAAAACYuG_0jmKChaavLwr0_xkuC7Xg6",
      "guidanceStorage": "https://pmapis.azure-api.net/guidance/",
      "pmpUrl":"https://partnermanagement.sims-partners.com/"
    }
  }
}
