{
  "local": {
    "EnvironmentConfig": {
      "identityServer": "https://simsid-partner-stsserver.azurewebsites.net",
      "serviceApi": "https://localhost:44322",
      "redirectUrl": "https://localhost:44323",
      "azureContainerUrl": "https://pmapidocumentationdev.blob.core.windows.net",
      "azureGuidanceContainerUrl": "https://pmapis.azure-api.net",
      "documentationUrl": "https://localhost:44304",
      "partnerApi": "https://localhost:44300"
    },
    "ProtractorConfig": {
      "allScriptsTimeout": 80000
    }
  },
  "dev": {
    "EnvironmentConfig": {
      "identityServer": "https://pm-idp-dev.azurewebsites.net",
      "serviceApi": "https://pm-management-api-dev.azurewebsites.net",
      "redirectUrl": "https://pm-partners-management-dev.azurewebsites.net",
      "azureContainerUrl": "https://pmapidocumentationdev.blob.core.windows.net",
      "azureGuidanceContainerUrl": "https://pmapis.azure-api.net",
      "documentationUrl": "https://pm-api-documentation-dev.azurewebsites.net",
      "partnerApi": "https://pm-partner-api-dev.azurewebsites.net"
    },
    "ProtractorConfig": {
      "allScriptsTimeout": 80000
    }
  },
  "live": {
    "EnvironmentConfig": {
      "identityServer": "https://pm-idp-live.azurewebsites.net",
      "serviceApi": "https://pm-management-api-live.azurewebsites.net",
      "redirectUrl": "https://partnermanagement.sims-partners.com",
      "azureContainerUrl": "https://pmapidocumentationlive.blob.core.windows.net",
      "azureGuidanceContainerUrl": "https://pmapis.azure-api.net",
      "documentationUrl": "https://apidocumentation.sims-partners.com",
      "partnerApi": "https://pm-partner-api-live.azurewebsites.net"
    },
    "ProtractorConfig": {
      "allScriptsTimeout": 80000
    }
  }
}
