{
    "configuration": {
        "configSections": [{
            "section": [{
                "$": {
                    "name": "entityFramework",
                    "type": "System.Data.Entity.Internal.ConfigFile.EntityFrameworkSection, EntityFramework, Version=6.0.0.0, Culture=neutral, PublicKeyToken=b77a5c561934e089",
                    "requirePermission": "false"
                }
            }]
        }],
        "appSettings": [{
            "add": [{
                "$": {
                    "key": "IdentityProvider:Authority",
                    "value": "https://localhost:44320/identity"
                }
            }, {
                "$": {
                    "key": "IdentityProvider:ApiBaseAddress",
                    "value": "https://localhost:44321/api"
                }
            }, {
                "$": {
                    "key": "AzureApiManagement:Id",
                    "value": "578c8ae6bd8673004c030003"
                }
            }, {
                "$": {
                    "key": "AzureApiManagement:Key",
                    "value": "Uqc8je8Nczn6gJg73sg0zrfm3qRLLpPcwzpPdGYWtocNe4qMw8tRkaZRYi0BeAWHbwtJ8W0f2EDyQs1Ir4wBLg=="
                }
            }, {
                "$": {
                    "key": "AzureApiManagement:ServiceName",
                    "value": "partneraccessdev"
                }
            }, {
                "$": {
                    "key": "AzureApiManagement:ProductId",
                    "value": "578c947c1980680d04278b20"
                }
            }, {
                "$": {
                    "key": "ApplicationInsights:InstrumentationKey",
                    "value": "85a09aea-27e0-44a4-9ad4-479e311b6016"
                }
            }, {
                "$": {
                    "key": "IdentityProvider:ApiClientSecret",
                    "value": "6DF37691-FC9A-4C9D-B87A-5C87B69000C5"
                }
            }]
        }],
        "connectionStrings": [{
            "add": [{
                "$": {
                    "name": "PartnerAccessManagementServiceContext",
                    "providerName": "System.Data.SqlClient",
                    "connectionString": "Server=.;Database=pm-management-api-local-dev;Connection Timeout=5;Integrated Security=True"
                }
            }]
        }],
        "system.web": [{
            "compilation": [{
                "$": {
                    "debug": "true",
                    "targetFramework": "4.5.2"
                }
            }],
            "httpRuntime": [{
                "$": {
                    "targetFramework": "4.5.2",
                    "enableVersionHeader": "false"
                }
            }],
            "httpModules": [{
                "add": [{
                    "$": {
                        "name": "ApplicationInsightsWebTracking",
                        "type": "Microsoft.ApplicationInsights.Web.ApplicationInsightsHttpModule, Microsoft.AI.Web"
                    }
                }]
            }]
        }],
        "system.webServer": [{
            "handlers": [{
                "remove": [{
                    "$": {
                        "name": "ExtensionlessUrlHandler-Integrated-4.0"
                    }
                }, {
                    "$": {
                        "name": "OPTIONSVerbHandler"
                    }
                }, {
                    "$": {
                        "name": "TRACEVerbHandler"
                    }
                }],
                "add": [{
                    "$": {
                        "name": "ExtensionlessUrlHandler-Integrated-4.0",
                        "path": "*.",
                        "verb": "*",
                        "type": "System.Web.Handlers.TransferRequestHandler",
                        "preCondition": "integratedMode,runtimeVersionv4.0"
                    }
                }]
            }],
            "validation": [{
                "$": {
                    "validateIntegratedModeConfiguration": "false"
                }
            }],
            "modules": [{
                "remove": [{
                    "$": {
                        "name": "ApplicationInsightsWebTracking"
                    }
                }],
                "add": [{
                    "$": {
                        "name": "ApplicationInsightsWebTracking",
                        "type": "Microsoft.ApplicationInsights.Web.ApplicationInsightsHttpModule, Microsoft.AI.Web",
                        "preCondition": "managedHandler"
                    }
                }]
            }]
        }],
        "runtime": [{
            "assemblyBinding": [{
                "$": {
                    "xmlns": "urn:schemas-microsoft-com:asm.v1"
                },
                "dependentAssembly": [{
                    "assemblyIdentity": [{
                        "$": {
                            "name": "System.Web.Helpers",
                            "publicKeyToken": "31bf3856ad364e35"
                        }
                    }],
                    "bindingRedirect": [{
                        "$": {
                            "oldVersion": "1.0.0.0-3.0.0.0",
                            "newVersion": "3.0.0.0"
                        }
                    }]
                }, {
                    "assemblyIdentity": [{
                        "$": {
                            "name": "System.Web.Mvc",
                            "publicKeyToken": "31bf3856ad364e35"
                        }
                    }],
                    "bindingRedirect": [{
                        "$": {
                            "oldVersion": "1.0.0.0-5.2.3.0",
                            "newVersion": "5.2.3.0"
                        }
                    }]
                }, {
                    "assemblyIdentity": [{
                        "$": {
                            "name": "System.Web.WebPages",
                            "publicKeyToken": "31bf3856ad364e35"
                        }
                    }],
                    "bindingRedirect": [{
                        "$": {
                            "oldVersion": "1.0.0.0-3.0.0.0",
                            "newVersion": "3.0.0.0"
                        }
                    }]
                }, {
                    "assemblyIdentity": [{
                        "$": {
                            "name": "Microsoft.Owin",
                            "publicKeyToken": "31bf3856ad364e35",
                            "culture": "neutral"
                        }
                    }],
                    "bindingRedirect": [{
                        "$": {
                            "oldVersion": "0.0.0.0-3.0.1.0",
                            "newVersion": "3.0.1.0"
                        }
                    }]
                }, {
                    "assemblyIdentity": [{
                        "$": {
                            "name": "Newtonsoft.Json",
                            "publicKeyToken": "30ad4fe6b2a6aeed",
                            "culture": "neutral"
                        }
                    }],
                    "bindingRedirect": [{
                        "$": {
                            "oldVersion": "0.0.0.0-9.0.0.0",
                            "newVersion": "9.0.0.0"
                        }
                    }]
                }, {
                    "assemblyIdentity": [{
                        "$": {
                            "name": "System.IdentityModel.Tokens.Jwt",
                            "publicKeyToken": "31bf3856ad364e35",
                            "culture": "neutral"
                        }
                    }],
                    "bindingRedirect": [{
                        "$": {
                            "oldVersion": "0.0.0.0-4.0.20622.1351",
                            "newVersion": "4.0.20622.1351"
                        }
                    }]
                }, {
                    "assemblyIdentity": [{
                        "$": {
                            "name": "System.Web.Http",
                            "publicKeyToken": "31bf3856ad364e35",
                            "culture": "neutral"
                        }
                    }],
                    "bindingRedirect": [{
                        "$": {
                            "oldVersion": "0.0.0.0-5.2.3.0",
                            "newVersion": "5.2.3.0"
                        }
                    }]
                }, {
                    "assemblyIdentity": [{
                        "$": {
                            "name": "System.Net.Http.Formatting",
                            "publicKeyToken": "31bf3856ad364e35",
                            "culture": "neutral"
                        }
                    }],
                    "bindingRedirect": [{
                        "$": {
                            "oldVersion": "0.0.0.0-5.2.3.0",
                            "newVersion": "5.2.3.0"
                        }
                    }]
                }, {
                    "assemblyIdentity": [{
                        "$": {
                            "name": "Microsoft.AI.Agent.Intercept",
                            "publicKeyToken": "31bf3856ad364e35",
                            "culture": "neutral"
                        }
                    }],
                    "bindingRedirect": [{
                        "$": {
                            "oldVersion": "0.0.0.0-2.0.1.0",
                            "newVersion": "2.0.1.0"
                        }
                    }]
                }]
            }]
        }],
        "entityFramework": [{
            "providers": [{
                "provider": [{
                    "$": {
                        "invariantName": "System.Data.SqlClient",
                        "type": "System.Data.Entity.SqlServer.SqlProviderServices, EntityFramework.SqlServer"
                    }
                }]
            }]
        }],
        "system.codedom": [{
            "compilers": [{
                "compiler": [{
                    "$": {
                        "language": "c#;cs;csharp",
                        "extension": ".cs",
                        "type": "Microsoft.CodeDom.Providers.DotNetCompilerPlatform.CSharpCodeProvider, Microsoft.CodeDom.Providers.DotNetCompilerPlatform, Version=1.0.0.0, Culture=neutral, PublicKeyToken=31bf3856ad364e35",
                        "warningLevel": "4",
                        "compilerOptions": "/langversion:6 /nowarn:1659;1699;1701"
                    }
                }, {
                    "$": {
                        "language": "vb;vbs;visualbasic;vbscript",
                        "extension": ".vb",
                        "type": "Microsoft.CodeDom.Providers.DotNetCompilerPlatform.VBCodeProvider, Microsoft.CodeDom.Providers.DotNetCompilerPlatform, Version=1.0.0.0, Culture=neutral, PublicKeyToken=31bf3856ad364e35",
                        "warningLevel": "4",
                        "compilerOptions": "/langversion:14 /nowarn:41008 /define:_MYTYPE=\\\"Web\\\" /optionInfer+"
                    }
                }]
            }]
        }]
    }
}
