{
  "$schema": "https://schema.management.azure.com/schemas/2015-01-01/deploymentParameters.json#",
  "contentVersion": "1.0.0.0",
  "parameters": {
    "Deployment Environment": {
      "value": "live"
    },
    "App Service Plan SKU": {
      "value": "Standard"
    },
    "Active Directory ClientId": {
      "value": "c029b015-50d8-4761-ac40-908b12a3e3ad"
    },
    "Active Directory Tenant": {
      "value": "pmlive.onmicrosoft.com"
    },
    "IdP Signing Certificate Thumbprint": {
      "reference": {
        "keyVault": {
          "id": "/subscriptions/f74319d5-4d65-49c6-8505-118712cf1dc7/resourceGroups/pm-live/providers/Microsoft.KeyVault/vaults/pm-kv-live"
        },
        "secretName": "live-idp-signing-certificate-thumbprint"
      }
    },
    "IdP Database Admin Login": {
      "value": "pm-management-29780035-D059-4CDD-B1EA-EE4BFB0C8510"
    },
    "IdP Database Admin Login Password": {
      "reference": {
        "keyVault": {
          "id": "/subscriptions/f74319d5-4d65-49c6-8505-118712cf1dc7/resourceGroups/pm-live/providers/Microsoft.KeyVault/vaults/pm-kv-live"
        },
        "secretName": "pm-management-sql-server-admin-password"
      }
    },
    "AI Instrumentation Key": {
      "reference": {
        "keyVault": {
          "id": "/subscriptions/f74319d5-4d65-49c6-8505-118712cf1dc7/resourceGroups/pm-live/providers/Microsoft.KeyVault/vaults/pm-kv-live"
        },
        "secretName": "live-ai-instrumentation-key"
      }
    },
    "pm-management SQL Server Admin Login": {
      "value": "pm-management-29780035-D059-4CDD-B1EA-EE4BFB0C8510"
    },
    "pm-management SQL Server Admin Login Password": {
      "reference": {
        "keyVault": {
          "id": "/subscriptions/f74319d5-4d65-49c6-8505-118712cf1dc7/resourceGroups/pm-live/providers/Microsoft.KeyVault/vaults/pm-kv-live"
        },
        "secretName": "pm-management-sql-server-live--pm-management-api-live--user-login-password"
      }
    }
  }
}