{
  "$schema": "https://schema.management.azure.com/schemas/2015-01-01/deploymentTemplate.json#",
  "contentVersion": "1.0.0.0",
  "parameters": {
    "Deployment Environment": {
      "type": "string",
      "allowedValues": [
        "dev",
        "live"
      ],
      "defaultValue": "dev"
    },
    "App Service Plan SKU": {
      "type": "string",
      "allowedValues": [
        "Free",
        "Standard"
      ],
      "defaultValue": "Free"
    },
    "App Service Plan Worker Size": {
      "type": "string",
      "allowedValues": [
        "0",
        "1",
        "2"
      ],
      "defaultValue": "0"
    },
    "Active Directory ClientId": {
      "type": "string",
      "minLength": 1
    },
    "Active Directory Tenant": {
      "type": "string",
      "minLength": 1
    },
    "IdP Signing Certificate Thumbprint": {
      "type": "securestring",
      "minLength": 1
    },
    "IdP Database Admin Login": {
      "type": "string",
      "minLength": 1
    },
    "IdP Database Admin Login Password": {
      "type": "securestring",
      "minLength": 1
    },
    "AI Instrumentation Key": {
      "type": "securestring",
      "minLength": 1
    },
    "pm-management SQL Server Admin Login": {
      "type": "string",
      "minLength": 1
    },
    "pm-management SQL Server Admin Login Password": {
      "type": "securestring"
    }
  },
  "variables": {
    "App Service Plan Name": "[concat('pm-', parameters('Deployment Environment'))]",
    "pm-idp Web App Name": "[concat('pm-idp-', parameters('Deployment Environment'))]",
    "pm-idp Database Connection String": "[concat('Server=pm-management-sql-server-', parameters('Deployment Environment'), '.database.windows.net;Database=pm-idp-', parameters('Deployment Environment'), ';Connection Timeout=30;User ID=', parameters('IdP Database Admin Login'), ';Password=', parameters('IdP Database Admin Login Password'))]",
    "pm-management SQL Server Name": "[concat('pm-management-', parameters('Deployment Environment'))]",
    "Active Directory Post Logout URL": "[concat('https://pm-partners-management-', parameters('Deployment Environment'), '.azurewebsites.net')]"
  },

  "resources": [
    {
      "name": "[variables('App Service Plan Name')]",
      "type": "Microsoft.Web/serverfarms",
      "location": "[resourceGroup().location]",
      "apiVersion": "2014-06-01",
      "dependsOn": [],
      "tags": {
        "displayName": "App Service Plan"
      },
      "properties": {
        "name": "[variables('App Service Plan Name')]",
        "sku": "[parameters('App Service Plan SKU')]",
        "workerSize": "[parameters('App Service Plan Worker Size')]",
        "numberOfWorkers": 1
      }
    },
    {
      "name": "[variables('pm-idp Web App Name')]",
      "type": "Microsoft.Web/sites",
      "location": "[resourceGroup().location]",
      "apiVersion": "2015-08-01",
      "dependsOn": [
        "[resourceId('Microsoft.Web/serverfarms', variables('App Service Plan Name'))]"
      ],
      "tags": {
        "[concat('hidden-related:', resourceId('Microsoft.Web/serverfarms', variables('App Service Plan Name')))]": "Resource",
        "displayName": "pm-idp Web App"
      },
      "properties": {
        "name": "[variables('pm-idp Web App Name')]",
        "serverFarmId": "[resourceId('Microsoft.Web/serverfarms', variables('App Service Plan Name'))]"
      },
      "resources": [
        {
          "name": "appsettings",
          "type": "config",
          "apiVersion": "2015-08-01",
          "dependsOn": [
            "[resourceId('Microsoft.Web/sites', variables('pm-idp Web App Name'))]"
          ],
          "tags": {
            "displayName": "web.config Settings"
          },
          "properties": {
            "IdentityProvider:SigningCertificateThumbprint": "[parameters('IdP Signing Certificate Thumbprint')]",
            "ApplicationInsights:InstrumentationKey": "[parameters('AI Instrumentation Key')]",
            "ActiveDirectory:ClientId": "[parameters('Active Directory ClientId')]",
            "ActiveDirectory:Tenant": "[parameters('Active Directory Tenant')]",
            "ActiveDirectory:AADInstance": "https://login.microsoftonline.com/{0}",
            "ActiveDirectory:PostLogoutRedirectUri": "[variables('Active Directory Post Logout URL')]",
            "WEBSITE_LOAD_CERTIFICATES": "[parameters('IdP Signing Certificate Thumbprint')]"
          }
        },
        {
          "name": "connectionstrings",
          "type": "config",
          "apiVersion": "2015-08-01",
          "dependsOn": [
            "[resourceId('Microsoft.Web/sites', variables('pm-idp Web App Name'))]"
          ],
          "tags": {
            "displayName": "web.config Connection Strings"
          },
          "properties": {
            "IdentityProviderServiceContext": {
              "value": "[variables('pm-idp Database Connection String')]",
              "type": "SQLAzure"
            }
          }
        }
      ]
    },
    {
      "name": "[variables('pm-management SQL Server Name')]",
      "type": "Microsoft.Sql/servers",
      "location": "[resourceGroup().location]",
      "apiVersion": "2014-04-01-preview",
      "dependsOn": [],
      "tags": {
        "displayName": "pm-management SQL Server"
      },
      "properties": {
        "administratorLogin": "[parameters('pm-management SQL Server Admin Login')]",
        "administratorLoginPassword": "[parameters('pm-management SQL Server Admin Login Password')]"
      },
      "resources": [
        {
          "name": "AllowAllWindowsAzureIps",
          "type": "firewallrules",
          "location": "[resourceGroup().location]",
          "apiVersion": "2014-04-01-preview",
          "dependsOn": [
            "[resourceId('Microsoft.Sql/servers', variables('pm-management SQL Server Name'))]"
          ],
          "properties": {
            "startIpAddress": "0.0.0.0",
            "endIpAddress": "0.0.0.0"
          }
        }
      ]
    }
  ],
  "outputs": {
  }
}
