﻿{
  "$schema": "https://schema.management.azure.com/schemas/2015-01-01/deploymentTemplate.json#",
  "contentVersion": "1.0.0.0",
  "parameters": {
    "deployment-suffix": {
      "type": "string",
      "allowedValues": [
        "dev",
        "test",
        "integration",
        "live"
      ]
    },
    "pm-onboarding-external-api-app-service-plan-SKU": {
      "type": "string",
      "allowedValues": [
        "Free",
        "Shared",
        "Basic",
        "Standard"
      ],
      "defaultValue": "Free"
    },
    "pm-onboarding-external-api-app-service-plan-worker-size": {
      "type": "string",
      "allowedValues": [
        "0",
        "1",
        "2"
      ],
      "defaultValue": "0"
    }
  },
  "variables": {
    "deployment-prefix": "pm-onboarding-external-",
    "pm-onboarding-external-api-app-service-plan-name": "[concat(variables('deployment-prefix'), 'service-plan-', concat(parameters('deployment-suffix')))]",
    "pm-onboarding-external-web-app-name": "[concat(variables('deployment-prefix'), '', concat(parameters('deployment-suffix')))]"
  },
  "resources": [
    {
      "name": "[variables('pm-onboarding-external-api-app-service-plan-name')]",
      "type": "Microsoft.Web/serverfarms",
      "location": "[resourceGroup().location]",
      "apiVersion": "2014-06-01",
      "dependsOn": [ ],
      "tags": {
        "displayName": "pm-onboarding-external-api-app-service-plan"
      },
      "properties": {
        "name": "[variables('pm-onboarding-external-api-app-service-plan-name')]",
        "sku": "[parameters('pm-onboarding-external-api-app-service-plan-SKU')]",
        "workerSize": "[parameters('pm-onboarding-external-api-app-service-plan-worker-size')]",
        "numberOfWorkers": 1
      }
    },
    {
      "name": "[variables('pm-onboarding-external-web-app-name')]",
      "type": "Microsoft.Web/sites",
      "location": "[resourceGroup().location]",
      "apiVersion": "2015-08-01",
      "dependsOn": [
        "[resourceId('Microsoft.Web/serverfarms', variables('pm-onboarding-external-api-app-service-plan-name'))]"
      ],
      "tags": {
        "[concat('hidden-related:', resourceId('Microsoft.Web/serverfarms', variables('pm-onboarding-external-api-app-service-plan-name')))]": "Resource",
        "displayName": "pm-onboarding-external-api-web-app"
      },
      "properties": {
        "name": "[variables('pm-onboarding-external-web-app-name')]",
        "serverFarmId": "[resourceId('Microsoft.Web/serverfarms', variables('pm-onboarding-external-api-app-service-plan-name'))]"
      }
    }
  ],
  "outputs": {
  
  }
}