﻿{
  "$schema": "https://schema.management.azure.com/schemas/2015-01-01/deploymentParameters.json#",
  "contentVersion": "1.0.0.0",
  "parameters": {
    "deployment-suffix": {
      "value": "pre-prod"
    },
    "pm-shim-api-attendance-service-plan-sku": {
      "value": "S1"
    },
    "pm-shim-api-attendance-service-plan-worker-size": {
      "value": "1"
    },
    "saml-token-expiry-offset-in-minutes": {
      "value": "5"
    },
    "jwt-token-expiry-offset-in-minutes": {
      "value": "5"
    },
    "config-object-expiry-off-set-in-minutes": {
      "value": "120"
    },
    "sims-primary-network-discovery-service-address": {
      "value": "https://prep-cfg.sims.co.uk/iSIMSConfigurationServerFarm1/NetworkDiscoveryService.svc"
    },
    "sims-primary-local-certificate-name": {
      "value": "iSIMS_Base_Cert"
    },
    "sims-primary-sts-certificate-name": {
      "value": "iSIMS_Sts_Cert"
    },
    "sims-primary-network-service": {
      "value": "AttendanceService"
    },
    "sims-primary-configuration-service": {
      "value": "PartnerAPI"
    },
    "sims-primary-authorisation-server-client-id": {
      "value": "Partner-Client-Ropc"
    },
    "sims-primary-authorisation-server-client-secret": {
      "reference": {
        "keyVault": {
          "id": "/subscriptions/a96219b1-4c4b-42c6-90c3-e685b83ec9cd/resourceGroups/pm-sp-pre-prod/providers/Microsoft.KeyVault/vaults/pm-sp-kv-pre-prod"
        },
        "secretName": "pre-prod-authorisation-server-client-secret"
      }
    },
    "sims-primary-authorisation-server-client-scope": {
      "value": "ActiveClient offline_access"
    },
    "sims-primary-authorisation-server-client-grant-type": {
      "value": "act-as"
    },
    "sims-primary-identity-provider-authority": {
      "value": "https://sts.sims.co.uk"
    },
    "pm-shim-api-attendance-azure-api-management-shared-secret": {
      "reference": {
        "keyVault": {
          "id": "/subscriptions/a96219b1-4c4b-42c6-90c3-e685b83ec9cd/resourceGroups/pm-sp-pre-prod/providers/Microsoft.KeyVault/vaults/pm-sp-kv-pre-prod"
        },
        "secretName": "pre-prod-azure-api-management-shared-secret"
      }
    },
    "pm-shim-api-attendance-required-scopes": {
      "value": "partner"
    },
    "pm-shim-api-attendance-ai-instrumentation-key": {
      "reference": {
        "keyVault": {
          "id": "/subscriptions/a96219b1-4c4b-42c6-90c3-e685b83ec9cd/resourceGroups/pm-sp-pre-prod/providers/Microsoft.KeyVault/vaults/pm-sp-kv-pre-prod"
        },
        "secretName": "pre-prod-ai-instrumentation-key"
      }
    },
    "pm-audit-storage-account-connection-string": {
      "reference": {
        "keyVault": {
          "id": "/subscriptions/a96219b1-4c4b-42c6-90c3-e685b83ec9cd/resourceGroups/pm-sp-pre-prod/providers/Microsoft.KeyVault/vaults/pm-sp-kv-pre-prod"
        },
        "secretName": "pre-prod-auditing-storage-connection-string"
      }
    },
    "pm-audit-audit-log-queue-name": {
      "value": "pmspapishimaudit"
    },
    "exclude-parameters-from-swagger-doc": {
      "value": ""
    },
    "dns-server": {
      "value": "10.1.16.8"
    }
  }
}