{
  "$schema": "https://schema.management.azure.com/schemas/2015-01-01/deploymentTemplate.json#",
  "contentVersion": "1.0.0.0",
  "parameters": {
    "deployment-suffix": {
      "type": "string",
      "allowedValues": [
        "staging",
        "preview",
        "pre-prod",
        "partner-dev",
        "partner-live"
      ]
    },
    "pm-shim-api-attendance-service-plan-sku": {
      "type": "string",
      "allowedValues": [
        "F1",
        "D1",
        "B1",
        "B2",
        "B3",
        "S1",
        "S2",
        "S3",
        "P1",
        "P2",
        "P3",
        "P4"
      ],
      "metadata": {
        "description": "Describes plan's pricing tier and capacity. Check details at https://azure.microsoft.com/en-us/pricing/details/app-service/"
      }
    },
    "pm-shim-api-attendance-service-plan-worker-size": {
      "type": "string",
      "allowedValues": [
        "0",
        "1",
        "2"
      ]
    },
    "saml-token-expiry-offset-in-minutes": {
      "type": "string",
      "minLength": 1
    },
    "jwt-token-expiry-offset-in-minutes": {
      "type": "string",
      "minLength": 1
    },
    "config-object-expiry-off-set-in-minutes": {
      "type": "string",
      "minLength": 1
    },
    "sims-primary-network-discovery-service-address": {
      "type": "string",
      "minLength": 1
    },
    "sims-primary-local-certificate-name": {
      "type": "string",
      "minLength": 1
    },
    "sims-primary-sts-certificate-name": {
      "type": "string",
      "minLength": 1
    },
    "sims-primary-network-service": {
      "type": "string",
      "minLength": 1
    },
    "sims-primary-configuration-service": {
      "type": "string",
      "minLength": 1
    },
    "sims-primary-authorisation-server-client-id": {
      "type": "string",
      "minLength": 1
    },
    "sims-primary-authorisation-server-client-secret": {
      "type": "securestring"
    },
    "sims-primary-authorisation-server-client-scope": {
      "type": "string",
      "minLength": 1
    },
    "sims-primary-authorisation-server-client-grant-type": {
      "type": "string",
      "minLength": 1
    },
    "sims-primary-identity-provider-authority": {
      "type": "string",
      "minLength": 1
    },
    "pm-shim-api-attendance-azure-api-management-shared-secret": {
      "type": "securestring"
    },
    "pm-shim-api-attendance-required-scopes": {
      "type": "string",
      "minLength": 1
    },
    "pm-shim-api-attendance-ai-instrumentation-key": {
      "type": "securestring"
    },
    "pm-audit-storage-account-connection-string": {
      "type": "securestring",
      "minLength": 1
    },
    "exclude-parameters-from-swagger-doc": {
      "type": "string"
    },
    "pm-audit-audit-log-queue-name": {
      "type": "string",
      "minLength": 1
    },
    "dns-server": {
      "type": "string",
      "minLength": 1
    },
    "odata-allowed-date-range-in-days": {
      "type": "string",
      "minLength": 1,
      "defaultValue": "90"
    }
  },
  "variables": {
    "pm-shim-api-attendance-web-app-name": "[concat('pm-sp-api-wb-attendance-', parameters('deployment-suffix'))]",
    "pm-shim-api-attendance-service-plan-name": "[concat('pm-api-wb-attendance-sp-', parameters('deployment-suffix'))]"
  },
  "resources": [
    {
      "name": "[variables('pm-shim-api-attendance-service-plan-name')]",
      "type": "Microsoft.Web/serverfarms",
      "location": "[resourceGroup().location]",
      "apiVersion": "2015-08-01",
      "sku": {
        "name": "[parameters('pm-shim-api-attendance-service-plan-sku')]"
      },
      "dependsOn": [],
      "tags": {
        "displayName": "[variables('pm-shim-api-attendance-service-plan-name')]"
      },
      "properties": {
        "name": "[variables('pm-shim-api-attendance-service-plan-name')]",
        "workerSize": "[parameters('pm-shim-api-attendance-service-plan-worker-size')]",
        "numberOfWorkers": 1
      }
    },
    {
      "name": "[variables('pm-shim-api-attendance-web-app-name')]",
      "type": "Microsoft.Web/sites",
      "location": "[resourceGroup().location]",
      "apiVersion": "2015-08-01",
      "dependsOn": [
        "[resourceId('Microsoft.Web/serverfarms', variables('pm-shim-api-attendance-service-plan-name'))]"
      ],
      "tags": {
        "[concat('hidden-related:', resourceId('Microsoft.Web/serverfarms', variables('pm-shim-api-attendance-service-plan-name')))]": "Resource",
        "displayName": "[variables('pm-shim-api-attendance-web-app-name')]"
      },
      "properties": {
        "name": "[variables('pm-shim-api-attendance-web-app-name')]",
        "serverFarmId": "[resourceId('Microsoft.Web/serverfarms', variables('pm-shim-api-attendance-service-plan-name'))]"
      },
      "resources": [
        {
          "apiVersion": "2015-08-01",
          "name": "staging",
          "type": "slots",
          "location": "[resourceGroup().location]",
          "dependsOn": [
            "[resourceId('Microsoft.Web/Sites', variables('pm-shim-api-attendance-web-app-name'))]"
          ],
          "properties": {
          },
          "resources": [
            {
              "apiVersion": "2015-08-01",
              "name": "appsettings",
              "type": "config",
              "dependsOn": [
                "[resourceId('Microsoft.Web/Sites/Slots', variables('pm-shim-api-attendance-web-app-name'), 'staging')]"
              ],
              "properties": {
                "serilog:setting.minimum-level": "Verbose",
                "TokenCache:SamlTokenExpiryOffsetInMinutes": "[parameters('saml-token-expiry-offset-in-minutes')]",
                "TokenCache:JwtTokenExpiryOffsetInMinutes": "[parameters('jwt-token-expiry-offset-in-minutes')]",
                "ConfigCache:ConfigObjectExpiryOffsetInMinutes": "[parameters('config-object-expiry-off-set-in-minutes')]",
                "SimsPrimary:NetworkDiscoveryServiceAddress": "[parameters('sims-primary-network-discovery-service-address')]",
                "SimsPrimary:LocalCertificateName": "[parameters('sims-primary-local-certificate-name')]",
                "SimsPrimary:StsCertificateName": "[parameters('sims-primary-sts-certificate-name')]",
                "SimsPrimary:NetworkService": "[parameters('sims-primary-network-service')]",
                "SimsPrimary:ConfigurationService": "[parameters('sims-primary-configuration-service')]",
                "SimsPrimary:AuthorisationServerClientId": "[parameters('sims-primary-authorisation-server-client-id')]",
                "SimsPrimary:AuthorisationServerClientSecret": "[parameters('sims-primary-authorisation-server-client-secret')]",
                "SimsPrimary:AuthorisationServerClientScope": "[parameters('sims-primary-authorisation-server-client-scope')]",
                "SimsPrimary:AuthorisationServerClientGrantType": "[parameters('sims-primary-authorisation-server-client-grant-type')]",
                "SimsPrimary:IdentityProviderAuthority": "[parameters('sims-primary-identity-provider-authority')]",
                "SimsPrimary:AzureApiManagementSharedSecret": "[parameters('pm-shim-api-attendance-azure-api-management-shared-secret')]",
                "AttendanceShimApiConfiguration:RequiredScopes": "[parameters('pm-shim-api-attendance-required-scopes')]",
                "ApplicationInsights:InstrumentationKey": "[parameters('pm-shim-api-attendance-ai-instrumentation-key')]",
                "pm-audit:storage-account-connection-string": "[parameters('pm-audit-storage-account-connection-string')]",
                "pm-audit:audit-log-queue-name": "[parameters('pm-audit-audit-log-queue-name')]",
                "SwaggerConfiguration:ExcludeParametersFromSwaggerDoc": "[parameters('exclude-parameters-from-swagger-doc')]",
                "WEBSITE_LOAD_CERTIFICATES": "*",
                "WEBSITE_DNS_SERVER": "[parameters('dns-server')]",
                "OData:AllowedDateRangeInDays": "[parameters('odata-allowed-date-range-in-days')]"
              }
            }
          ]
        },
        {
          "name": "appsettings",
          "type": "config",
          "apiVersion": "2015-08-01",
          "dependsOn": [
            "[concat('Microsoft.Web/sites/', variables('pm-shim-api-attendance-web-app-name'))]"
          ],
          "tags": {
            "displayName": "Write Back Web App Settings"
          },
          "properties": {
            "serilog:setting.minimum-level": "Verbose",
            "TokenCache:SamlTokenExpiryOffsetInMinutes": "[parameters('saml-token-expiry-offset-in-minutes')]",
            "TokenCache:JwtTokenExpiryOffsetInMinutes": "[parameters('jwt-token-expiry-offset-in-minutes')]",
            "ConfigCache:ConfigObjectExpiryOffsetInMinutes": "[parameters('config-object-expiry-off-set-in-minutes')]",
            "SimsPrimary:NetworkDiscoveryServiceAddress": "[parameters('sims-primary-network-discovery-service-address')]",
            "SimsPrimary:LocalCertificateName": "[parameters('sims-primary-local-certificate-name')]",
            "SimsPrimary:StsCertificateName": "[parameters('sims-primary-sts-certificate-name')]",
            "SimsPrimary:NetworkService": "[parameters('sims-primary-network-service')]",
            "SimsPrimary:ConfigurationService": "[parameters('sims-primary-configuration-service')]",
            "SimsPrimary:AuthorisationServerClientId": "[parameters('sims-primary-authorisation-server-client-id')]",
            "SimsPrimary:AuthorisationServerClientSecret": "[parameters('sims-primary-authorisation-server-client-secret')]",
            "SimsPrimary:AuthorisationServerClientScope": "[parameters('sims-primary-authorisation-server-client-scope')]",
            "SimsPrimary:AuthorisationServerClientGrantType": "[parameters('sims-primary-authorisation-server-client-grant-type')]",
            "SimsPrimary:IdentityProviderAuthority": "[parameters('sims-primary-identity-provider-authority')]",
            "SimsPrimary:AzureApiManagementSharedSecret": "[parameters('pm-shim-api-attendance-azure-api-management-shared-secret')]",
            "AttendanceShimApiConfiguration:RequiredScopes": "[parameters('pm-shim-api-attendance-required-scopes')]",
            "ApplicationInsights:InstrumentationKey": "[parameters('pm-shim-api-attendance-ai-instrumentation-key')]",
            "pm-audit:storage-account-connection-string": "[parameters('pm-audit-storage-account-connection-string')]",
            "pm-audit:audit-log-queue-name": "[parameters('pm-audit-audit-log-queue-name')]",
            "SwaggerConfiguration:ExcludeParametersFromSwaggerDoc": "[parameters('exclude-parameters-from-swagger-doc')]",
            "WEBSITE_LOAD_CERTIFICATES": "*",
            "WEBSITE_DNS_SERVER": "[parameters('dns-server')]",
            "OData:AllowedDateRangeInDays": "[parameters('odata-allowed-date-range-in-days')]"
          }
        }        
      ]      
    }
  ],
  "outputs": {}
}