﻿{
  "$schema": "https://schema.management.azure.com/schemas/2015-01-01/deploymentTemplate.json#",
  "contentVersion": "1.0.0.0",
  "parameters": {
    "deployment-suffix": {
      "type": "string",
      "allowedValues": [
        "dev",
        "partner",
        "production",
        "live"
      ]
    },
    "sql-deployment-suffix": {
      "type": "string",
      "allowedValues": [
        "dev",
        "partner",
        "production",
        "live"
      ]
    },
    "pm-onboarding-external-api-app-service-plan-SKU": {
      "type": "string",
      "allowedValues": [
        "Free",
        "Standard"
      ],
      "defaultValue": "Free"
    },
    "pm-onboarding-external-api-app-service-plan-worker-size": {
      "type": "string",
      "allowedValues": [
        "0",
        "1",
        "2"
      ],
      "defaultValue": "0"
    },
    "pm-onboarding-external-sql-server-admin-login": {
      "type": "string",
      "minLength": 1
    },
    "pm-onboarding-external-sql-server-admin-login-password": {
      "type": "securestring"
    },
    "pm-onboarding-external-sql-server-user-login-password": {
      "type": "securestring"
    },
    "pm-onboarding-external-api-recaptcha-secret": {
      "type": "securestring"
    },
    "pm-onboarding-external-api-database-collation": {
      "type": "string",
      "minLength": 1,
      "defaultValue": "SQL_Latin1_General_CP1_CI_AS"
    },
    "pm-onboarding-external-api-database-edition": {
      "type": "string",
      "defaultValue": "Basic",
      "allowedValues": [
        "Basic",
        "Standard",
        "Premium"
      ]
    },
    "pm-onboarding-external-api-database-requested-service-objective-name": {
      "type": "string",
      "defaultValue": "Basic",
      "allowedValues": [
        "Basic",
        "S0",
        "S1",
        "S2",
        "P1",
        "P2",
        "P3"
      ],
      "metadata": {
        "description": "Describes the performance level for Edition"
      }
    },
    "pm-onboarding-external-api-ai-instrumentation-key": {
      "type": "securestring"
    },
    "pm-audit-storage-account-name": {
      "type": "string",
      "minLength": 1
    },
    "pm-audit-storage-account-key": {
      "type": "securestring",
      "minLength": 1
    },
    "pm-onboarding-external-api-audit-queue-name": {
      "type": "string",
      "minLength": 1
    },
    "sims-authority-address": {
      "type": "securestring"
    }
  },
  "variables": {
    "deployment-prefix": "pm-onboarding-external-",
    "pm-onboarding-external-api-app-service-plan-name": "[concat(variables('deployment-prefix'), 'service-plan-', concat(parameters('deployment-suffix')))]",
    "pm-onboarding-external-api-web-app-name": "[concat(variables('deployment-prefix'), 'api-', concat(parameters('deployment-suffix')))]",
    "pm-onboarding-external-sql-server-name": "[concat(variables('deployment-prefix'), 'sql-server-', concat(parameters('sql-deployment-suffix')))]",
    "pm-onboarding-external-database-name": "[concat(variables('deployment-prefix'), 'database-', concat(parameters('sql-deployment-suffix')))]",
    "pm-onboarding-external-database-login": "[concat(variables('deployment-prefix'), 'login-', concat(parameters('sql-deployment-suffix')))]",
    "pm-onboarding-external-database-connection": "[concat('Server=', variables('pm-onboarding-external-sql-server-name'), '.database.windows.net;Database=', concat(variables('pm-onboarding-external-database-name'), ';Connection Timeout=30;User ID=', concat(variables('pm-onboarding-external-database-login'), ';Password=', concat(parameters('pm-onboarding-external-sql-server-user-login-password')))))]"
  },
  "resources": [
    {
      "name": "[variables('pm-onboarding-external-api-app-service-plan-name')]",
      "type": "Microsoft.Web/serverfarms",
      "location": "[resourceGroup().location]",
      "apiVersion": "2014-06-01",
      "dependsOn": [ ],
      "tags": {
        "displayName": "pm-onboarding-external-api-app-service-plan"
      },
      "properties": {
        "name": "[variables('pm-onboarding-external-api-app-service-plan-name')]",
        "sku": "[parameters('pm-onboarding-external-api-app-service-plan-SKU')]",
        "workerSize": "[parameters('pm-onboarding-external-api-app-service-plan-worker-size')]",
        "numberOfWorkers": 1
      }
    },
    {
      "name": "[variables('pm-onboarding-external-api-web-app-name')]",
      "type": "Microsoft.Web/sites",
      "location": "[resourceGroup().location]",
      "apiVersion": "2015-08-01",
      "dependsOn": [
        "[resourceId('Microsoft.Web/serverfarms', variables('pm-onboarding-external-api-app-service-plan-name'))]"
      ],
      "tags": {
        "[concat('hidden-related:', resourceId('Microsoft.Web/serverfarms', variables('pm-onboarding-external-api-app-service-plan-name')))]": "Resource",
        "displayName": "pm-onboarding-external-api-web-app"
      },
      "properties": {
        "name": "[variables('pm-onboarding-external-api-web-app-name')]",
        "serverFarmId": "[resourceId('Microsoft.Web/serverfarms', variables('pm-onboarding-external-api-app-service-plan-name'))]"
      },
      "resources": [
        {
          "name": "appsettings",
          "type": "config",
          "apiVersion": "2015-08-01",
          "dependsOn": [
            "[resourceId('Microsoft.Web/sites', variables('pm-onboarding-external-api-web-app-name'))]"
          ],
          "tags": {
            "displayName": "config"
          },
          "properties": {
            "pm-onboarding-external-api.sql-connection-string": "[variables('pm-onboarding-external-database-connection')]",
            "pm-onboarding-external-api.db-context-type": "PM.Onboarding.External.API.Storage.Database.OnboardingExternalApiDataContext, PM.Onboarding.External.API.Storage",
            "serilog:setting.minimum-level": "Verbose",
            "ApplicationInsights:InstrumentationKey": "[parameters('pm-onboarding-external-api-ai-instrumentation-key')]",
            "pm-onboarding-external-api-recaptcha-secret": "[parameters('pm-onboarding-external-api-recaptcha-secret')]",
            "pm-audit:storage-account-connection-sting": "[concat('DefaultEndpointsProtocol=https;AccountName=',parameters('pm-audit-storage-account-name'),';AccountKey=',parameters('pm-audit-storage-account-key'))]",
            "pm-audit:audit-log-queue-name": "[parameters('pm-onboarding-external-api-audit-queue-name')]",
            "IdentityProvider:Authority": "[parameters('sims-authority-address')]"
          }
        },
        {
          "name": "web",
          "type": "config",
          "apiVersion": "2015-08-01",
          "dependsOn": [
            "[resourceId('Microsoft.Web/sites', variables('pm-onboarding-external-api-web-app-name'))]"
          ],
          "tags": {
            "displayName": "web"
          },
          "properties": {
            "cors": {
              "allowedOrigins": [ "[concat('https://pm-onboarding-external-',parameters('deployment-suffix'),'.azurewebsites.net')]" ]
            }
          }
        }
      ]
    },
    {
      "name": "[variables('pm-onboarding-external-sql-server-name')]",
      "type": "Microsoft.Sql/servers",
      "location": "[resourceGroup().location]",
      "apiVersion": "2014-04-01-preview",
      "dependsOn": [ ],
      "tags": {
        "displayName": "pm-onboarding-external-sql-server"
      },
      "properties": {
        "administratorLogin": "[parameters('pm-onboarding-external-sql-server-admin-login')]",
        "administratorLoginPassword": "[parameters('pm-onboarding-external-sql-server-admin-login-password')]"
      },
      "resources": [
        {
          "name": "AllowAllWindowsAzureIps",
          "type": "firewallrules",
          "location": "[resourceGroup().location]",
          "apiVersion": "2014-04-01-preview",
          "dependsOn": [
            "[resourceId('Microsoft.Sql/servers', variables('pm-onboarding-external-sql-server-name'))]"
          ],
          "properties": {
            "startIpAddress": "0.0.0.0",
            "endIpAddress": "0.0.0.0"
          }
        },
        {
          "name": "[variables('pm-onboarding-external-database-name')]",
          "type": "databases",
          "location": "[resourceGroup().location]",
          "apiVersion": "2014-04-01-preview",
          "dependsOn": [
            "[resourceId('Microsoft.Sql/servers', variables('pm-onboarding-external-sql-server-name'))]"
          ],
          "tags": {
            "displayName": "pm-onboarding-external-api-database"
          },
          "properties": {
            "collation": "[parameters('pm-onboarding-external-api-database-collation')]",
            "edition": "[parameters('pm-onboarding-external-api-database-edition')]",
            "maxSizeBytes": "1073741824",
            "requestedServiceObjectiveName": "[parameters('pm-onboarding-external-api-database-requested-service-objective-name')]"
          }
        }
      ]
    }
  ],
  "outputs": {

  }
}