﻿{
  "$schema": "https://schema.management.azure.com/schemas/2015-01-01/deploymentParameters.json#",
  "contentVersion": "1.0.0.0",
  "parameters": {
    "deployment-suffix": {
      "value": "live"
    },
    "sql-deployment-suffix": {
      "value": "live"
    },
    "pm-onboarding-external-sql-server-admin-login": {
      "value": "pm-external-806ACA28-9332-484B-A893-60DF7937FCC7"
    },
    "pm-onboarding-external-sql-server-admin-login-password": {
      "reference": {
        "keyVault": {
          "id": "/subscriptions/f74319d5-4d65-49c6-8505-118712cf1dc7/resourceGroups/pm-live/providers/Microsoft.KeyVault/vaults/pm-kv-live"
        },
        "secretName": "pm-onboarding-external-sql-server-admin-login-password"
      }
    },
    "pm-onboarding-external-api-ai-instrumentation-key": {
      "reference": {
        "keyVault": {
          "id": "/subscriptions/f74319d5-4d65-49c6-8505-118712cf1dc7/resourceGroups/pm-live/providers/Microsoft.KeyVault/vaults/pm-kv-live"
        },
        "secretName": "live-ai-instrumentation-key"
      }
    },
    "pm-onboarding-external-api-recaptcha-secret": {
      "reference": {
        "keyVault": {
          "id": "/subscriptions/f74319d5-4d65-49c6-8505-118712cf1dc7/resourceGroups/pm-live/providers/Microsoft.KeyVault/vaults/pm-kv-live"
        },
        "secretName": "pm-onboarding-external-api-recaptcha-secret-password"
      }
    },
    "pm-onboarding-external-api-app-service-plan-SKU": {
      "value": "Standard"
    },
    "pm-onboarding-external-sql-server-user-login-password": {
      "reference": {
        "keyVault": {
          "id": "/subscriptions/f74319d5-4d65-49c6-8505-118712cf1dc7/resourceGroups/pm-live/providers/Microsoft.KeyVault/vaults/pm-kv-live"
        },
        "secretName": "pm-onboarding-external-sql-server-user-login-password"
      }
    },
    "pm-onboarding-external-api-database-edition": {
      "value": "Standard"
    },
    "pm-onboarding-external-api-database-requested-service-objective-name": {
      "value": "S0"
    },
    "pm-onboarding-external-api-app-service-plan-worker-size": {
      "value": "1"
    },
    "pm-audit-storage-account-name": {
      "value": "pmauditlive"
    },
    "pm-audit-storage-account-key": {
      "reference": {
        "keyVault": {
          "id": "/subscriptions/f74319d5-4d65-49c6-8505-118712cf1dc7/resourceGroups/pm-live/providers/Microsoft.KeyVault/vaults/pm-kv-live"
        },
        "secretName": "pm-audit-storage-account-key"
      }
    },
    "pm-onboarding-external-api-audit-queue-name": {
      "value": "pmonboardingauditlive"
    },
    "sims-authority-address": {
      "value": "https://sts.sims.co.uk"
    }
  }
}